set,pokemon,nr,lang,note1,note2,online_price
TEF,Keilflamme Ex,204,de,,,38.23
TEF,Eisenblatt Ex,203,de,,,29.49
SVI,Eisenrad Ex,248,it,,,
OBF,Glurak Ex,223,de,,,81.66
PAL,Dinglu Ex,263,de,,,
JTG,Volcanion Ex,182,de,,,36.3
WHT,Trikephalo Ex,169,de,,,61.35
BLK,Genesect Ex,169,de,,,35.32
SFA,Boninu Ex,90,de,,,20.05
SVI,Miraidon Ex,244,de,,,19.83
PAR,Eisenhand Ex,248,de,,,14.04
BST,Despotar V,155,de,,,152.95
PAR,Altaria Ex,253,de,,,
TEF,Sesokitz,165,de,,,15.78
TEF,Kronjuwild,166,de,,,20.7
SSP,Kecleon,213,de,,,4.25
PAF,Pamo,226,de,,,0.98
SFA,Kapu-Toro,65,de,,,5.4
PAR,Elezeba,195,de,,,5.97
SSP,Vibrava,206,de,,,2.52
SSP,Drapfel,210,de,,,2.98
DRI,Frizelbliz,196,de,,,3.55
SSP,Bummelz,212,de,,,5.31
TEF,Wommel,172,de,,,3.81
SVI,Tarundel,199,de,,,5.41
SVI,Olivinio,200,de,,,3.99
BLK,Milza,145,de,,,7.73
SVI,Trasla,211,de,,,24.35
SVI,Kirlia,212,de,,,22.15
SVI,Guardevoir Ex,245,de,,,52.35
SSP,Ignivor,196,de,,,2.58
PAL,Fuentente,207,de,,,5.08
SVI,Mastifioso,218,de,,,4.06
TEF,Akkup,169,de,,,3.29
TEF,Schlurp,180,de,,,8.24
SVI,Halupenjo,202,de,,,3.53
TWM,Chaneira,187,de,,,20.23
SCR,Briduradon,155,de,,,2.36
DRI,Team Rockets Mauzi,203,de,,,23.83
DRI,Team Rockets Smogmog,199,de,,,10.23
DRI,Team Rockets Hundemon,191,de,,,16.96
OBF,Hunduster,204,de,,,7.36
TWM,Qurtel,172,de,,,3.8
PAR,Magby,186,de,,,11.62
TWM,Stollrak,184,de,,,3.13
JTG,eF-eM,169,de,,,4.23
OBF,Vulnona,199,de,,,17.61
SVI,Crimanzo,203,it,,,9.27
SCR,Liliep,145,de,,,3.06
SSP,Phanpy,205,de,,,5.74
WHT,Gryoheldis,145,de,,,6.09
SSP,Latios,203,de,,,34.34
SSP,Vesprit,204,de,,,11.77
TEF,Plaudagei,181,de,,,7.23
SVI,Adebom,219,de,,,3.29
TEF,Sen-Long,184,de,,,8.69
SFA,Zwirrlicht,68,de,,,19.38
SFA,Zwirrklop,69,de,,,15.64
SFA,Zwirrfinst,70,de,,,14.7
OBF,Kubuin Ex,222,de,,,5.14
SSP,Kolowal,201,de,,,2.34
TEF,Snomnom,168,de,,,5.11
WHT,Wie-Shu,134,de,,,5.69
TEF,Metagross,178,de,,,15.93
SCR,Kickerlo,147,de,,,4.71
JTG,Ns Reshiram,167,de,,,17.86
PAR,Eisenfalter,187,de,,,4.12
SCR,Wattzapf,150,de,,,4.06
PAR,Krakeelo,212,de,,,9.16
SVI,Tentagra,201,de,,,3.94
SCR,Zeraora,151,de,,,7.1
DRI,Hydrapfel,188,de,,,3.49
ASR,Seedraking,3,de,TG,,0.02
JTG,Wolwerock,166,de,,,2.48
LOR,Banette,7,en,TG,,0.03
LOR,Formeo,11,en,TG,,0.02
CEC,Magnetilo,242,de,,,11.99
CEC,Stalabor,246,de,,,3.49
JTG,Enigmaras Voltrean,163,de,,,3.78
LOR,Hisui Arkani,8,de,TG,,0.18
LOR,Maritellit V,12,de,TG,,0.03
LOR,Pikachu,5,de,TG,,0.08
LOR,Parasek,1,de,TG,,0.02
JTG,Hops Wolly,170,de,,,3.57
SVI,Heerashai,207,de,,,7.87
JTG,Wailord,162,de,,,9.75
SVI,Scampisto,205,de,,,4.41
DRI,Perlu,195,de,,,3.88
SVP,Flatterhaar,97,de,,,
SVP,Morbitesse,211,de,,,
SVP,Mewtu,52,en,,,
SVP,Noctuh,141,de,,,
SVP,Infamomo,129,de,,,
SVP,Eisenrad Ex,73,de,,,
SVP,Eisendorn,98,en,,,
SVP,Türkisgrüne-Maske-Ogerpon,123,de,,,
SVP,Victini,208,de,,,
SVP,Zytomega,212,de,,,
SVP,Koraidon,14,de,,,
SVP,Pikachu,88,de,,,
SVP,Pikachu,27,de,,,
SVP,Glumanda,44,de,,,
SVP,Mimigma,75,de,,,
SVP,Evoli,173,de,,,
SVP,Türkisgrüne-Maske-Ogerpon Ex,166,de,,,
SVP,Terapagos Ex,165,de,,,
SVP,Lapras Ex,164,de,,,
SVP,Liberlo Ex,163,de,,,
OBF,Gladiantri,148,de,Promo,,0.04
OBF,Caesurio,149,de,Promo,,0.06
SVP,Gladimperio,130,de,,,
OBF,Glumanda,26,de,Promo,,0.07
OBF,Glutexo,27,de,Promo,,0.06
SVP,Glurak Ex,56,de,,,
MEW,Glumanda,4,de,Promo,,0.07
MEW,Glutexo,5,de,Promo,,0.09
SVP,Glurak Ex,161,de,,,
SVP,Sproxi,99,de,,,
SVP,Affiti Ex,100,de,,,
OBF,Gruff,100,de,Promo,,0.03
SVP,Friedwuff Ex,162,de,,,
PAL,Zwieps,167,de,Promo,MC,0.04
PAR,Famieps Ex,155,de,Promo,,0.74
PAL,Pamo,74,de,Promo,,0.02
PAL,Pamamo,75,de,Promo,,0.03
OBF,Pamomamo Ex,73,de,Promo,,0.79
SWSH,Zeraora Vmax,264,de,Promo,,
SWSH,Mauzi V,4,de,Promo,,
SWSH,Endynalos,64,de,Promo,,
SWSH,Mewtu V,229,en,Promo,,
SWSH,Hisui-Admurai V,239,de,Promo,,
SWSH,Mortipot V,21,de,Promo,,
SWSH,Liberlo V,15,de,Promo,,
OBF,Kubuin Ex,42,de,Promo,Adventskalender,1.01
PAL,Pikachu Ex,63,de,Promo,Adventskalender,1.38
SVP,Blutmond-Ursaluna Ex,177,de,,,
SVP,Furienblitz Ex,145,de,,,
SVP,Hops Zacian Ex,193,de,,,
SVP,Eisenhaupt Ex,146,de,,,
SVP,Felori Ex,87,de,,,
SVP,Mimigma Ex,4,en,,,
TEF,Hoothoot,126,de,Promo,,0.05
TEF,Noctuh,127,de,Promo,,0.03
SWSH,Zacian Lv X,135,de,Promo,,
JTG,Hops Wolly,135,de,Promo,,0.02
JTG,Hops Zwollock,136,de,Promo,,0.06
SSH,Galar-Barrikadax,119,de,Promo,Stamp,0.49
SVP,Yuyu,57,de,,,
CEC,Solgaleo,142,de,Promo,Stamp,1.93
SVP,Xatu,59,de,,,
PAL,Flaniwal,53,de,Promo,Adventskalender,0.03
PAR,Schneppke,37,de,Promo,Adventskalender,0.07
PAL,Frospino,58,de,Promo,Adventskalender,0.07
TWM,Eisenbündel,62,de,Promo,Adventskalender,0.02
PAR,Gelatwino,45,de,Promo,Adventskalender,0.04
BLK,Victini,12,de,Promo,,0.05
SVP,Krokel,192,de,,,
PRE,Evoli,74,de,Promo,Pokemon Day ,0.03
SVP,Felori,191,de,,,
SVP,Pii,95,de,,,
TWM,Sirapfel,18,de,Promo,,0.04
SVP,Zebritz,201,de,,,
SVP,Infamomo,149,de,,,
TWM,Maske des Oni,159,de,Promo,,0.03
TWM,Türkisgrüne-Maske-Ogerpon,24,de,Promo,,0.07
BLK,Serpifeu,1,de,Promo,,0.03
WHT,Floink,11,de,Promo,,0.03
WHT,Ottaro,21,de,Promo,,0.03
PAR,Gramokles,131,de,Promo,,0.03
PAR,Duokles,132,de,Promo,,0.04
PAR,Durengard Ex,135,de,Promo,,0.68
SVI,Pepper,249,de,,,
PAR,Prof. Antiquas Vitalität,256,de,,,
MEW,Erikas Einladung,203,de,,,21.31
PAL,Saguaro,270,de,,,
OBF,Poppy,227,de,,,2.68
CEC,Maho & Tracy,231,de,,,87.23
MEW,Erikas Einladung,196,de,,,9.88
PRE,Shugi,133,de,,,0.73
SCR,Kombu,165,de,,,1.09
TEF,Jens' Überzeugung,201,de,,,2.29
LOR,Susuki,192,de,,,1.23
SCR,Matt,164,de,,,5.16
PAF,Nemelia,229,de,,,0.74
SHF,Ballduin,65,de,,,5.4
DRI,Richter,222,de,,,3.29
SUM,Elima,146,de,,,3.72
SUM,Prof. Kukui,148,de,,,4.11
GRI,Tali,144,de,,,12.0
SFA,Janinas Geheimkunst,88,de,,,3.14
SVI,Cosima,239,de,,,3.7
PRE,Rioba,136,de,,,0.94
OBF,Geeta,218,de,,,1.36
SSP,Citros Scharfsinn,229,de,,,1.45
SFA,Achromas' Beharrlichkeit,87,de,,,3.09
TEF,Bell's Hingabe,197,en,,,2.54
PAR,Norman,237,de,,,1.52
VIV,Delion,182,de,,,7.45
SVI,Forschung des Professors - Professor Futurus,241,it,,,2.28
SFA,Xeros' Machinationen,89,de,,,1.69
DRI,Team Rockets Lambda,226,de,,,5.28
BKT,Giovannis Intrige,162,de,,,22.86
FCO,Team Rockets Machenschaften,124,de,,,24.18
MEW,Giovannis Charisma,197,de,,,7.88
LOR,Stadionruine,215,de,,,2.52
OBF,Bolardin,229,de,,,2.85
ASR,Jubeldorf,212,de,,,4.99
TEU,Richerpfeife,194,de,,,6.37
SVI,Sonderbonbon,256,de,MC,,
JTG,Rockos Erkundung,179,de,,,3.78
SFA,Snobilikat,78,de,,,43.65
SCR,Tortunator,146,de,,,2.43
SVI,Hefel,213,de,,,6.65
JTG,Wiesenior,168,de,,,4.84
SSP,Flunschlik,202,de,,,1.68
JTG,Arktos,161,de,,,25.31
WHT,Kleoparda,137,de,,,21.15
BLK,Serpiroyal Ex,164,de,,,35.31
BS,Vulnona,12,de,,,14.55
BS,Garados,6,de,,,24.96
NG,Meganie,10,en,,,44.19
WP,Enton,20,en,,,
NG,Ampharos,1,en,,,13.27
NG,Azumarill,2,en,,,10.9
NR,Papungha,9,en,,,12.17
SK,Garados,10,de,H,,108.79
NDI,Scherox,10,de,,,15.0
SK,Expedition ins Unterirdische,140,de,Reverse,,22.39
AQ,Lektrobal,7,de,H,,5.48
AQ,Hunduster,86,de,Reverse,,7.79
SS,Pelipper,50,en,Reverse,,3.64
SS,Puppance,22,en,Reverse,,2.37
SS,Sengo,14,en,Holo,,17.66
SS,Lunastein,8,de,Holo,,13.97
RS,Geckarbor,75,de,Reverse,,4.53
RS,Lapras Ex,99,de,,,38.88
FL,Glutexo,31,de,Holo,,2.32
FL,Ditto,4,de,Holo,,
DX,Sterndu,27,de,Holo,,2.12
EM,Milotic,8,de,Holo,,3.65
HP,Aerodactyl,35,de,Stamp,,3.84
LM,Sarzenia,13,it,Holo,,7.03
LM,Roselia,42,en,Holo,,0.62
UF,Ho-Oh,27,it,Holo,,5.75
LA,Mamutel,9,de,Holo,,1.54
GE,Rotom,7,de,Holo,,2.48
STF,Lumineon,4,de,Reverse,,2.26
PL,Voltilamm,82,de,Reverse,,0.94
LM,Mew,10,de,Holo,,34.06
CRZ,Mew,10,de,GG,,0.02
SVP,Mew Ex,53,en,,,
SLG,Shining Mew,40,de,Holo,,57.13
PAF,Mew Ex,216,de,,,17.02
MEW,Mew Ex,205,de,,,15.57
MEW,Mew Ex,205,en,Metal,,15.57
WP,Mew,9,en,,,
CEL,Mew,11,de,,,2.08
FCO,Mew,29,de,,,4.7
DAA,Mew V,69,en,,,3.14
FST,Mew Vmax,114,de,,,9.29
FST,Mew Vmax,114,en,signed stamp,,9.29
EVO,Mew,53,en,Reverse,,13.8
HIF,Mew,32,de,Holo,,1.81
HIF,Mew,32,de,Reverse,,4.63
EVS,Flamara Vmax,18,en,,,5.95
EVS,Feelinara Vmax,75,de,,,7.24
NDI,Psiana,20,de,,,11.89
TR,Evoli,55,de,First-Edition,,1.31
UD,Nachtara,10,de,Holo,,37.73
EVS,Nachtara V,94,de,,,4.14
SUM,Psiana Gx,61,de,,,4.52
CRZ,Folipurba V,14,de,,,2.35
PRE,Blitza Ex,30,de,,,2.27
PRE,Psiana Ex,34,de,,,2.24
PRE,Evoli,74,de,Meisterball,,0.03
PRE,Nachtara Ex,60,de,,,4.58
PRE,Glaziola Ex,26,de,,,2.09
PRE,Feelinara Ex,41,de,,,2.06
SVP,Flamara,167,de,,,
SVP,Aquana,168,de,,,
SVP,Blitza,169,de,,,
SVP,Folipurba,170,de,,,
SVP,Glaziola,171,de,,,
SVP,Feelinara,172,de,,,
MA,Team Aquas Kyogre,3,de,non-holo,,4.6
SHF,Kyogre,21,de,,,0.05
CEL,Kyogre,3,de,Holo,,0.22
CEC,Kyogre,53,de,non-holo,,0.55
CRZ,Kyogre V,37,en,,,1.23
SVP,Kyogre Ex,178,de,,,
ASR,Welsar,36,de,non-holo,,0.04
BRS,Karadonis,81,de,non-holo,,0.04
BRS,Magmar,19,de,non-holo,,0.03
LOR,Ariados,113,en,non-holo,,0.13
SWSH,Galar-Lavados,284,de,,,
SVI,Lahmus,43,it,holo,,0.09
MEW,Aerodactyl,142,de,holo,,0.18
OBF,Bronzel,144,en,Reverse,,0.14
PAR,Absol,113,de,non-holo,,0.04
SVI,Mamolida,48,it,Reverse,,0.12
PAR,Elezeba,62,de,Reverse,,0.08
TEF,Tohaido,43,de,Reverse,,0.11
SSP,Kecleon,150,de,Reverse,,0.1
SVP,Magneton,159,de,,,
SFA,Kriechflügel,26,de,Reverse,,0.11
SFA,Eisenfalter,9,de,non-holo,,0.04
TWM,Girafarig,83,de,non-holo,,0.04
MEW,Bisaflor Ex,198,de,,,110.06
MEW,Turtok Ex,200,de,,,95.36
BKT,Hundemon Ex,153,de,,,33.71
BKT,Mega Firnontor Ex,156,de,,,36.97
TEF,Fuegro Ex,187,de,,,2.14
EVO,Tauboss Ex,104,de,,,10.43
SUM,Lapras Gx,139,de,,,7.85
TEU,Fuegro Gx,188,de,,,14.87
TEU,Kobalium Gx,106,de,,,3.61
TEU,Pantimos Gx,67,de,,,2.29
TEU,Ampharos Gx,43,de,,,4.59
TEU,Fuegro Gx,97,de,,,2.56
SUM,Fuegro Gx,27,de,,,2.47
SUM,Mantidea Gx,15,de,,,1.4
SUM,Solgaleo Gx,89,de,,,2.69
SUM,Silvarro Gx,12,de,,,2.97
UNM,Flegmon & Enton Gx,35,de,,,55.6
UNM,Psiana & Deoxys Gx,72,de,,,22.07
CEC,Bisaflor & Serpifeu Gx,1,de,,,15.17
CEC,Amigento Gx,184,de,,,3.66
CEC,Choreogel Gx,95,de,,,1.69
GRI,Kapu-Fala Gx,60,de,,,2.91
GRI,Lusardin Gx,133,de,,,4.85
GRI,Donarion Gx,45,de,,,1.66
GRI,Grandiras Gx,100,de,,,1.89
BKT,Brigaron TURBO,12,de,,,2.59
BKT,Zoroark TURBO,92,de,,,6.92
EVO,Vulnona TURBO,16,de,,,2.59
BKP,Quajutsu TURBO,41,de,,,9.71
FCO,Amoroso TURBO,19,de,,,2.42
FCO,Relaxo,77,de,Reverse,,10.83
TEU,Arktos,32,de,Reverse,,5.58
TEU,Dragoran,119,de,Reverse,,5.93
LOR,Relaxo,143,en,Holo,,0.55
LOR,Strahlendes Stahlos,124,de,,,0.52
LOR,Strahlendes Guardevoir,69,de,,,0.54
SIT,Strahlendes Jirachi,120,de,,,0.61
EVO,Kokowei,109,en,,,2.23
MCD19,Raupy,1,de,Holo,,
MCD22,Victini,5,de,Holo,,
SVP,Team Rockets Mewtu Ex,216,de,,,
SVP,Team Rockets Snobilikat Ex,218,de,,,
MD,Icognito Lv. 15,49,de,Reverse,,4.88
